N/a,N/a,N/a
N/a,N/a,N/a
N/a,N/a,N/a
N/a,N/a,N/a
N/a,N/a,N/a
N/a,N/a,N/a
N/a,N/a,N/a
21.50855,39.24968,71.1
21.50855,39.24968,71.1
21.50855,39.24968,71.1
21.50855,39.24968,71.1
21.50855,39.24968,71.1
21.50855,39.24968,71.1
21.50855,39.24968,71.1
21.50855,39.24968,71.1
21.50855,39.24968,71.1
21.50855,39.24968,71.1
21.50855,39.24968,71.1
21.50855,39.24968,71.1
21.50855,39.24968,71.1
21.50855,39.24968,71.1
21.50855,39.24968,71.1
21.50855,39.24968,71.1
21.50855,39.24968,71.1
21.50855,39.24968,71.1
21.50855,39.24968,71.1
21.50855,39.24968,71.1
21.50855,39.24968,71.1
21.50855,39.24968,71.1
21.50855,39.24968,71.1
21.50855,39.24968,71.1
21.50855,39.24968,71.1
21.50855,39.24968,71.1
21.50855,39.24968,71.1
21.50855,39.24968,71.1
21.50855,39.24968,71.1
21.50855,39.24968,71.1
21.50855,39.24968,71.1
21.50855,39.24968,71.1
21.50855,39.24968,71.1
21.50855,39.24968,71.1
21.50855,39.24968,71.1
21.50855,39.24968,71.1
21.50855,39.24968,71.1
21.50855,39.24968,71.1
21.50855,39.24968,71.1
21.50855,39.24968,71.1
21.50855,39.24968,71.1
21.50855,39.24968,71.1
21.50855,39.24968,71.1
21.50855,39.24968,71.1
21.50855,39.24968,71.1
21.50855,39.24968,71.1
21.50855,39.24968,71.1
21.50855,39.24968,71.1
21.50855,39.24968,71.1
21.50855,39.24968,71.1
21.50855,39.24968,71.1
21.50855,39.24968,71.1
21.50855,39.24968,71.1
21.50855,39.24968,71.1
21.50855,39.24968,71.1
21.50855,39.24968,71.1
21.50855,39.24968,71.1
21.50855,39.24968,71.1
21.50855,39.24968,71.1
21.50855,39.24968,71.1
21.50855,39.24968,71.1
21.50855,39.24968,71.1
21.50855,39.24968,71.1
21.50855,39.24968,71.1
21.50855,39.24968,71.1
21.50855,39.24968,71.1
21.50855,39.24968,71.1
21.50855,39.24968,71.1
21.50855,39.24968,71.1
21.50855,39.24968,71.1
21.50855,39.24968,71.1
21.50855,39.24968,71.1
21.50855,39.24968,71.1
21.50855,39.24968,71.1
21.50855,39.24968,71.1
21.50855,39.24968,71.1
21.50855,39.24968,71.1
21.50855,39.24968,71.1
21.50855,39.24968,71.1
21.50855,39.24968,71.1
21.50855,39.24968,71.1
21.50855,39.24968,71.1
21.50855,39.24968,71.1
21.50855,39.24968,71.1
21.50855,39.24968,71.1
21.50855,39.24968,71.1
21.50855,39.24968,71.1
21.50855,39.24968,71.1
21.50855,39.24968,71.1
21.50855,39.24968,71.1
21.50855,39.24968,71.1
21.50855,39.24968,71.1
21.50855,39.24968,71.1
21.50855,39.24968,71.1
21.50855,39.24968,71.1
21.50855,39.24968,71.1
21.50855,39.24968,71.1
21.50855,39.24968,71.1
21.50855,39.24968,71.1
21.50855,39.24968,71.1
21.50855,39.24968,71.1
21.50855,39.24968,71.1
21.50855,39.24968,71.1
21.50855,39.24968,71.1
21.50855,39.24968,71.1
21.50855,39.24968,71.1
21.50855,39.24968,71.1
21.50855,39.24968,71.1
21.50855,39.24968,71.1
21.50855,39.24968,71.1
21.50855,39.24968,71.1
21.50855,39.24968,71.1
21.50855,39.24968,71.1
21.50855,39.24968,71.1
21.50855,39.24968,71.1
21.50855,39.24968,71.1
21.50855,39.24968,71.1
21.50855,39.24968,71.1
21.50855,39.24968,71.1
21.50855,39.24968,71.1
21.50855,39.24968,71.1
21.50855,39.24968,71.1
21.50855,39.24968,71.1
21.50855,39.24968,71.1
21.50855,39.24968,71.1
21.50855,39.24968,71.1
21.50855,39.24968,71.1
21.50855,39.24968,71.1
21.50855,39.24968,71.1
21.50855,39.24968,71.1
21.50855,39.24968,71.1
21.50855,39.24968,71.1
21.50855,39.24968,71.1
21.50855,39.24968,71.1
21.50855,39.24968,71.1
21.50855,39.24968,71.1
21.50855,39.24968,71.1
21.50855,39.24968,71.1
21.50855,39.24968,71.1
21.50855,39.24968,71.1
21.50855,39.24968,71.1
21.50855,39.24968,71.1
21.50855,39.24968,71.1
21.50855,39.24968,71.1
21.50855,39.24968,71.1
21.50855,39.24968,71.1
21.50855,39.24968,71.1
21.50855,39.24968,71.1
21.50855,39.24968,71.1
21.50855,39.24968,71.1
21.50855,39.24968,71.1
21.50855,39.24968,71.1
21.50855,39.24968,71.1
21.50855,39.24968,71.1
21.50855,39.24968,71.1
21.50855,39.24968,71.1
21.50855,39.24968,71.1
21.50855,39.24968,71.1
21.50855,39.24968,71.1
21.50855,39.24968,71.1
21.50855,39.24968,71.1
21.50855,39.24968,71.1
21.50855,39.24968,71.1
21.50855,39.24968,71.1
21.50855,39.24968,71.1
21.50855,39.24968,71.1
21.50855,39.24968,71.1
21.50855,39.24968,71.1
21.50855,39.24968,71.1
21.50855,39.24968,71.1
21.50855,39.24968,71.1
21.50855,39.24968,71.1
21.50855,39.24968,71.1
21.50855,39.24968,71.1
21.50855,39.24968,71.1
21.50855,39.24968,71.1
21.50855,39.24968,71.1
